genotype	plant	side	leaf.disk	name	date	glandular	non.glandular	typeVI	typeIandIV	typeVII	all	area.mm2
S.lyc MM	5	adaxial	1	Aleksandra	31-Jan	28	332	28	0	0	360	12.56637061
S.lyc MM	5	adaxial	2	Aleksandra	31-Jan	35	284	35	0	0	319	12.56637061
S.lyc MM	5	abaxial	1	Aleksandra	31-Jan	8	364	8	0	0	372	12.56637061
S.lyc MM	5	abaxial	2	Aleksandra	31-Jan	15	344	15	0	0	359	12.56637061
S.lyc MM	3	adaxial	1	Ruy	01-Feb	11	262	11	0	0	273	12.56637061
S.lyc MM	3	adaxial	2	Ruy	01-Feb	51	240	51	0	0	291	12.56637061
S.lyc MM	3	abaxial	1	Ruy	01-Feb	63	532	63	0	0	595	12.56637061
S.lyc MM	3	abaxial	2	Ruy	01-Feb	57	496	57	0	0	553	12.56637061
S.lyc MM	4	adaxial	1	Aleksandra	01-Feb	17	127	17	0	0	144	12.56637061
S.lyc MM	4	adaxial	2	Aleksandra	01-Feb	24	162	24	0	0	186	12.56637061
S.lyc MM	4	abaxial	1	Aleksandra	01-Feb	32	207	32	0	0	239	12.56637061
S.lyc MM	4	abaxial	2	Aleksandra	01-Feb	48	162	48	0	0	210	12.56637061
S.lyc MM	1	adaxial	1	Sanne	02-Feb	39	223	39	0	0	262	12.56637061
S.lyc MM	1	adaxial	2	Sanne	02-Feb	34	171	34	0	0	205	12.56637061
S.lyc MM	1	abaxial	1	Sanne	02-Feb	53	182	53	0	0	235	12.56637061
S.lyc MM	1	abaxial	2	Sanne	02-Feb	51	173	51	0	0	224	12.56637061
S.lyc MM	2	adaxial	1	Petra	02-Feb	39	192	39	0	0	231	12.56637061
S.lyc MM	2	adaxial	2	Petra	02-Feb	13	251	7	0	6	264	12.56637061
S.lyc MM	2	abaxial	1	Petra	02-Feb	47	489	47	0	0	536	12.56637061
S.lyc MM	2	abaxial	2	Petra	02-Feb	111	471	111	0	0	582	12.56637061
S.hua LA1364	2	adaxial	1	Marc	30-Jan	8	37	8	0	0	45	12.56637061
S.hua LA1364	2	adaxial	2	Marc	30-Jan	10	38	4	0	0	48	12.56637061
S.hua LA1364	2	abaxial	1	Marc	30-Jan	1	68	1	0	0	69	12.56637061
S.hua LA1364	2	abaxial	2	Marc	30-Jan	1	64	1	0	0	65	12.56637061
S.hua LA1364	4	adaxial	1	Aleksandra	30-Jan	4	41	3	0	0	45	12.56637061
S.hua LA1364	4	adaxial	2	Aleksandra	30-Jan	3	51	3	0	0	54	12.56637061
S.hua LA1364	4	abaxial	1	Aleksandra	30-Jan	3	113	3	0	0	116	12.56637061
S.hua LA1364	4	abaxial	2	Aleksandra	30-Jan	4	91	4	0	0	95	12.56637061
S.hua LA1364	5	adaxial	1	Aleksandra	31-Jan	11	77	10	1	0	88	12.56637061
S.hua LA1364	5	adaxial	2	Aleksandra	31-Jan	7	85	7	0	0	92	12.56637061
S.hua LA1364	5	abaxial	1	Aleksandra	31-Jan	7	197	6	1	0	204	12.56637061
S.hua LA1364	5	abaxial	2	Aleksandra	31-Jan	12	228	12	0	0	240	12.56637061
S.hua LA1364	1	adaxial	1	Sanne	02-Feb	3	76	3	0	0	79	12.56637061
S.hua LA1364	1	adaxial	2	Sanne	02-Feb	0	53	0	0	0	53	12.56637061
S.hua LA1364	1	abaxial	1	Sanne	02-Feb	5	132	5	0	0	137	12.56637061
S.hua LA1364	1	abaxial	2	Sanne	02-Feb	8	93	8	0	0	101	12.56637061
S.hua LA1364	3	adaxial	1	Sanne	07-Feb	11	56	4	0	7	67	12.56637061
S.hua LA1364	3	adaxial	2	Sanne	07-Feb	13	63	6	0	7	76	12.56637061
S.hua LA1364	3	abaxial	1	Sanne	07-Feb	8	334	6	0	2	342	12.56637061
S.hua LA1364	3	abaxial	2	Sanne	07-Feb	3	290	3	0	0	293	12.56637061
S.che LA1401	1	adaxial	1	Michelle	24-Mar	12	43	5	0	0	55	12.56637061
S.che LA1401	1	adaxial	2	Lisa	24-Mar	3	34	1	2	0	37	12.56637061
S.che LA1401	1	abaxial	1	Michelle	24-Mar	2	255	2	0	0	257	12.56637061
S.che LA1401	1	abaxial	2	Lisa	24-Mar	2	284	0	1	0	286	12.56637061
S.che LA1401	2	adaxial	1	Sanne	27-Mar	6	42	6	0	0	48	12.56637061
S.che LA1401	2	adaxial	2	Sanne	27-Mar	7	37	7	0	0	44	12.56637061
S.che LA1401	2	abaxial	1	Sanne	27-Mar	3	102	3	0	0	105	12.56637061
S.che LA1401	2	abaxial	2	Sanne	27-Mar	1	83	1	0	0	84	12.56637061
S.che LA1401	3	adaxial	1	Aleksandra	27-Mar	10	43	6	0	4	53	12.56637061
S.che LA1401	3	adaxial	2	Aleksandra	27-Mar	5	63	5	0	0	68	12.56637061
S.che LA1401	3	abaxial	1	Aleksandra	27-Mar	21	204	21	0	0	225	12.56637061
S.che LA1401	3	abaxial	2	Aleksandra	27-Mar	13	194	13	0	0	207	12.56637061
S.che LA1401	4	adaxial	1	Sanne	27-Mar	12	53	12	0	0	65	12.56637061
S.che LA1401	4	adaxial	2	Sanne	27-Mar	6	46	6	0	0	52	12.56637061
S.che LA1401	4	abaxial	1	Sanne	27-Mar	0	88	0	0	0	88	12.56637061
S.che LA1401	4	abaxial	2	Sanne	27-Mar	0	109	0	0	0	109	12.56637061
S.che LA1401	5	adaxial	1	Aleksandra	27-Mar	7	51	7	0	0	58	12.56637061
S.che LA1401	5	adaxial	2	Aleksandra	27-Mar	9	29	9	0	0	38	12.56637061
S.che LA1401	5	abaxial	1	Aleksandra	27-Mar	3	206	3	0	0	209	12.56637061
S.che LA1401	5	abaxial	2	Aleksandra	27-Mar	3	144	3	0	0	147	12.56637061
S.pim LA1578	1	adaxial	1	Marc	30-Jan	0	1258	0	0	0	1258	12.56637061
S.pim LA1578	1	adaxial	2	Marc	30-Jan	2	171	8	0	0	173	12.56637061
S.pim LA1578	1	abaxial	1	Marc	30-Jan	0	1258	0	0	0	1258	12.56637061
S.pim LA1578	1	abaxial	2	Marc	30-Jan	0	1345	0	0	0	1345	12.56637061
S.pim LA1578	4	adaxial	1	Michelle	30-Jan	4	128	2	2	0	132	12.56637061
S.pim LA1578	4	adaxial	2	Michelle	30-Jan	9	130	6	3	0	139	12.56637061
S.pim LA1578	4	abaxial	1	Michelle	30-Jan	27	1000	27	0	0	1027	12.56637061
S.pim LA1578	4	abaxial	2	Michelle	30-Jan	16	99	15	1	0	115	12.56637061
S.pim LA1578	3	adaxial	1	Michelle	01-Feb	96	770	96	0	0	866	12.56637061
S.pim LA1578	3	adaxial	2	Michelle	01-Feb	78	384	63	15	0	462	12.56637061
S.pim LA1578	3	abaxial	1	Michelle	01-Feb	33	600	33	0	0	633	12.56637061
S.pim LA1578	3	abaxial	2	Michelle	01-Feb	27	650	27	0	0	677	12.56637061
S.pim LA1578	5	adaxial	1	Sanne	01-Feb	17	190	17	0	0	207	12.56637061
S.pim LA1578	5	adaxial	2	Sanne	01-Feb	18	129	18	0	0	147	12.56637061
S.pim LA1578	5	abaxial	1	Sanne	01-Feb	10	582	10	0	0	592	12.56637061
S.pim LA1578	5	abaxial	2	Sanne	01-Feb	6	603	6	0	0	609	12.56637061
S.pim LA1578	2	adaxial	1	Sanne	07-Feb	119	240	119	0	0	359	12.56637061
S.pim LA1578	2	adaxial	2	Sanne	07-Feb	81	224	81	0	0	305	12.56637061
S.pim LA1578	2	abaxial	1	Sanne	07-Feb	36	489	36	0	0	525	12.56637061
S.pim LA1578	2	abaxial	2	Sanne	07-Feb	31	452	31	0	0	483	12.56637061
S.hab LA1718	2	adaxial	1	Ruy	30-Jan	66	6	54	12	0	72	12.56637061
S.hab LA1718	2	adaxial	2	Ruy	30-Jan	56	2	47	9	0	58	12.56637061
S.hab LA1718	2	abaxial	1	Ruy	30-Jan	26	1	0	26	0	27	12.56637061
S.hab LA1718	2	abaxial	2	Ruy	30-Jan	23	3	0	23	0	26	12.56637061
S.hab LA1718	5	adaxial	1	Marc	30-Jan	56	31	54	50	0	87	12.56637061
S.hab LA1718	5	adaxial	2	Marc	30-Jan	64	48	22	30	0	112	12.56637061
S.hab LA1718	5	abaxial	1	Marc	30-Jan	71	34	6	65	0	105	12.56637061
S.hab LA1718	5	abaxial	2	Marc	30-Jan	49	50	23	26	0	99	12.56637061
S.hab LA1718	3	adaxial	1	Michelle	31-Jan	158	21	137	21	0	179	12.56637061
S.hab LA1718	3	adaxial	2	Michelle	31-Jan	125	15	88	37	0	140	12.56637061
S.hab LA1718	3	abaxial	1	Michelle	31-Jan	80	85	68	15	0	165	12.56637061
S.hab LA1718	3	abaxial	2	Michelle	31-Jan	89	34	49	40	0	123	12.56637061
S.hab LA1718	4	adaxial	1	Sanne	31-Jan	57	37	43	14	0	94	12.56637061
S.hab LA1718	4	adaxial	2	Sanne	31-Jan	30	28	16	14	0	58	12.56637061
S.hab LA1718	4	abaxial	1	Sanne	31-Jan	68	59	23	45	0	127	12.56637061
S.hab LA1718	4	abaxial	2	Sanne	31-Jan	52	62	9	43	0	114	12.56637061
S.hab LA1718	1	adaxial	1	Ruy	02-Feb	19	25	14	1	4	44	12.56637061
S.hab LA1718	1	adaxial	2	Ruy	02-Feb	11	32	5	0	6	43	12.56637061
S.hab LA1718	1	abaxial	1	Ruy	02-Feb	64	82	26	38	0	146	12.56637061
S.hab LA1718	1	abaxial	2	Ruy	02-Feb	56	38	10	46	0	94	12.56637061
S.hab LA1777	1	adaxial	1	Michelle	24-Mar	66	3	7	38	0	69	12.56637061
S.hab LA1777	1	adaxial	2	Lisa	24-Mar	52	6	7	40	0	58	12.56637061
S.hab LA1777	1	abaxial	1	Michelle	24-Mar	181	4	13	168	0	185	12.56637061
S.hab LA1777	1	abaxial	2	Lisa	24-Mar	131	10	9	162	0	141	12.56637061
S.hab LA1777	2	adaxial	1	Sanne	27-Mar	81	21	43	38	0	102	12.56637061
S.hab LA1777	2	adaxial	2	Sanne	27-Mar	124	19	41	83	0	143	12.56637061
S.hab LA1777	2	abaxial	1	Sanne	27-Mar	78	31	16	62	0	109	12.56637061
S.hab LA1777	2	abaxial	2	Sanne	27-Mar	60	24	11	49	0	84	12.56637061
S.hab LA1777	3	adaxial	1	Sanne	27-Mar	143	10	59	84	0	153	12.56637061
S.hab LA1777	3	adaxial	2	Sanne	27-Mar	135	6	42	93	0	141	12.56637061
S.hab LA1777	3	abaxial	1	Sanne	27-Mar	155	3	35	120	0	158	12.56637061
S.hab LA1777	3	abaxial	2	Sanne	27-Mar	143	4	31	112	0	147	12.56637061
S.hab LA1777	4	adaxial	1	Sanne	27-Mar	129	5	39	90	0	134	12.56637061
S.hab LA1777	4	adaxial	2	Sanne	27-Mar	115	4	42	73	0	119	12.56637061
S.hab LA1777	4	abaxial	1	Sanne	27-Mar	156	10	54	102	0	166	12.56637061
S.hab LA1777	4	abaxial	2	Sanne	27-Mar	151	3	21	130	0	154	12.56637061
S.chm LA1840	1	adaxial	1	Sanne	30-Jan	15	48	15	0	0	63	12.56637061
S.chm LA1840	1	adaxial	2	Sanne	30-Jan	3	61	3	0	0	64	12.56637061
S.chm LA1840	1	abaxial	1	Sanne	30-Jan	2	58	2	0	0	60	12.56637061
S.chm LA1840	1	abaxial	2	Sanne	30-Jan	0	46	0	0	0	46	12.56637061
S.chm LA1840	4	adaxial	1	Aleksandra	30-Jan	17	49	17	0	0	66	12.56637061
S.chm LA1840	4	adaxial	2	Aleksandra	30-Jan	9	36	7	2	0	45	12.56637061
S.chm LA1840	4	abaxial	1	Aleksandra	30-Jan	0	91	0	0	0	91	12.56637061
S.chm LA1840	4	abaxial	2	Aleksandra	30-Jan	4	90	4	0	0	94	12.56637061
S.chm LA1840	2	adaxial	1	Sanne	01-Feb	13	166	13	0	0	179	12.56637061
S.chm LA1840	2	adaxial	2	Sanne	01-Feb	11	88	11	0	0	99	12.56637061
S.chm LA1840	2	abaxial	1	Sanne	01-Feb	17	98	17	0	0	115	12.56637061
S.chm LA1840	2	abaxial	2	Sanne	01-Feb	18	91	18	0	0	109	12.56637061
S.chm LA1840	3	adaxial	1	Marc	01-Feb	24	127	6	6	0	151	12.56637061
S.chm LA1840	3	adaxial	2	Marc	01-Feb	24	77	12	0	0	101	12.56637061
S.chm LA1840	3	abaxial	1	Marc	01-Feb	17	121	12	0	0	138	12.56637061
S.chm LA1840	3	abaxial	2	Marc	01-Feb	27	112	16	1	0	139	12.56637061
S.chm LA1840	5	adaxial	1	Ruy	01-Feb	17	117	14	0	3	134	12.56637061
S.chm LA1840	5	adaxial	2	Ruy	01-Feb	7	84	5	0	2	91	12.56637061
S.chm LA1840	5	abaxial	1	Ruy	01-Feb	3	158	2	0	1	161	12.56637061
S.chm LA1840	5	abaxial	2	Ruy	01-Feb	6	172	6	0	0	178	12.56637061
S.per LA1954	1	adaxial	1	Michelle	30-Jan	19	156	19	0	0	175	12.56637061
S.per LA1954	1	adaxial	2	Michelle	30-Jan	11	137	1	10	0	148	12.56637061
S.per LA1954	1	abaxial	1	Michelle	30-Jan	0	500	0	0	0	500	12.56637061
S.per LA1954	1	abaxial	2	Michelle	30-Jan	0	500	0	0	0	500	12.56637061
S.per LA1954	3	adaxial	1	Marc	30-Jan	9	54	9	0	0	63	12.56637061
S.per LA1954	3	adaxial	2	Marc	30-Jan	5	45	5	0	0	50	12.56637061
S.per LA1954	3	abaxial	1	Marc	30-Jan	0	130	0	0	0	130	12.56637061
S.per LA1954	3	abaxial	2	Marc	30-Jan	0	66	0	0	0	66	12.56637061
S.per LA1954	2	adaxial	1	Ruy	31-Jan	3	84	3	0	0	87	12.56637061
S.per LA1954	2	adaxial	2	Ruy	31-Jan	5	128	5	0	0	133	12.56637061
S.per LA1954	2	abaxial	1	Ruy	31-Jan	1	350	1	0	0	351	12.56637061
S.per LA1954	2	abaxial	2	Ruy	31-Jan	3	266	3	0	0	269	12.56637061
S.per LA1954	4	adaxial	1	Sanne	01-Feb	2	84	2	0	0	86	12.56637061
S.per LA1954	4	adaxial	2	Sanne	01-Feb	6	71	6	0	0	77	12.56637061
S.per LA1954	4	abaxial	1	Sanne	01-Feb	2	179	2	0	0	181	12.56637061
S.per LA1954	4	abaxial	2	Sanne	01-Feb	1	221	1	0	0	222	12.56637061
S.neo LA2133	1	adaxial	1	Sanne	30-Jan	3	49	3	0	0	52	12.56637061
S.neo LA2133	1	adaxial	2	Sanne	30-Jan	2	38	2	0	0	40	12.56637061
S.neo LA2133	1	abaxial	1	Sanne	30-Jan	1	117	1	0	0	118	12.56637061
S.neo LA2133	1	abaxial	2	Sanne	30-Jan	0	130	0	0	0	130	12.56637061
S.neo LA2133	2	adaxial	1	Sanne	30-Jan	0	24	0	0	0	24	12.56637061
S.neo LA2133	2	adaxial	2	Sanne	30-Jan	7	21	7	0	0	28	12.56637061
S.neo LA2133	2	abaxial	1	Sanne	30-Jan	1	92	1	0	0	93	12.56637061
S.neo LA2133	2	abaxial	2	Sanne	30-Jan	2	99	2	0	0	101	12.56637061
S.neo LA2133	3	adaxial	1	Aleksandra	02-Feb	14	17	2	0	12	31	12.56637061
S.neo LA2133	3	adaxial	2	Aleksandra	02-Feb	17	17	0	0	17	34	12.56637061
S.neo LA2133	3	abaxial	1	Aleksandra	02-Feb	2	227	2	0	0	229	12.56637061
S.neo LA2133	3	abaxial	2	Aleksandra	02-Feb	0	203	0	0	0	203	12.56637061
S.arc LA2172	1	adaxial	1	Aleksandra	30-Jan	18	49	18	0	0	67	12.56637061
S.arc LA2172	1	adaxial	2	Aleksandra	30-Jan	11	27	11	0	0	38	12.56637061
S.arc LA2172	1	abaxial	1	Aleksandra	30-Jan	2	185	0	0	0	187	12.56637061
S.arc LA2172	1	abaxial	2	Aleksandra	30-Jan	10	177	10	0	0	187	12.56637061
S.arc LA2172	9	adaxial	1	Sanne	01-Feb	21	89	6	0	15	110	12.56637061
S.arc LA2172	9	adaxial	2	Sanne	01-Feb	30	50	4	0	26	80	12.56637061
S.arc LA2172	9	abaxial	1	Sanne	01-Feb	9	295	0	0	9	304	12.56637061
S.arc LA2172	9	abaxial	2	Sanne	01-Feb	10	249	0	0	10	259	12.56637061
S.arc LA2172	2	adaxial	1	Sanne	02-Feb	14	45	14	0	0	59	12.56637061
S.arc LA2172	2	adaxial	2	Sanne	02-Feb	13	30	13	0	0	43	12.56637061
S.arc LA2172	2	abaxial	1	Sanne	02-Feb	15	160	15	0	0	175	12.56637061
S.arc LA2172	2	abaxial	2	Sanne	02-Feb	13	143	13	0	0	156	12.56637061
S.arc LA2172	6	adaxial	1	Michelle	02-Feb	57	500	27	30	0	557	12.56637061
S.arc LA2172	6	adaxial	2	Michelle	02-Feb	27	260	12	15	0	287	12.56637061
S.arc LA2172	6	abaxial	1	Michelle	02-Feb	27	700	20	7	0	727	12.56637061
S.arc LA2172	6	abaxial	2	Michelle	02-Feb	22	700	19	3	0	722	12.56637061
S.arc LA2172	7	adaxial	1	Ruy	02-Feb	9	34	7	0	2	43	12.56637061
S.arc LA2172	7	adaxial	2	Ruy	02-Feb	5	60	2	0	3	65	12.56637061
S.arc LA2172	7	abaxial	1	Ruy	02-Feb	308	0	0	0	0	308	12.56637061
S.arc LA2172	7	abaxial	2	Ruy	02-Feb	253	0	0	0	0	253	12.56637061
S.chm LA2695 	5	adaxial	1	Aleksandra	30-Jan	21	76	21	0	0	97	12.56637061
S.chm LA2695 	5	adaxial	2	Aleksandra	30-Jan	22	111	22	0	0	133	12.56637061
S.chm LA2695 	5	abaxial	1	Aleksandra	30-Jan	0	357	0	0	0	357	12.56637061
S.chm LA2695 	5	abaxial	2	Aleksandra	30-Jan	0	415	0	0	0	415	12.56637061
S.chm LA2695 	2	adaxial	1	Ruy	31-Jan	15	50	15	0	0	65	12.56637061
S.chm LA2695 	2	adaxial	2	Ruy	31-Jan	15	69	15	0	0	84	12.56637061
S.chm LA2695 	2	abaxial	1	Ruy	31-Jan	3	280	3	0	0	283	12.56637061
S.chm LA2695 	2	abaxial	2	Ruy	31-Jan	4	260	4	0	0	264	12.56637061
S.chm LA2695 	3	adaxial	1	Marc	31-Jan	20	202	33	0	0	222	12.56637061
S.chm LA2695 	3	adaxial	2	Marc	31-Jan	18	177	18	0	0	195	12.56637061
S.chm LA2695 	3	abaxial	1	Marc	31-Jan	13	265	13	0	0	278	12.56637061
S.chm LA2695 	3	abaxial	2	Marc	31-Jan	6	312	6	0	0	318	12.56637061
S.chm LA2695 	1	adaxial	1	Ruy	02-Feb	17	140	5	0	12	157	12.56637061
S.chm LA2695 	1	adaxial	2	Ruy	02-Feb	11	107	6	0	5	118	12.56637061
S.chm LA2695 	1	abaxial	1	Ruy	02-Feb	3	424	3	0	0	427	12.56637061
S.chm LA2695 	1	abaxial	2	Ruy	02-Feb	5	490	5	0	0	495	12.56637061
S.chm LA2695 	4	adaxial	1	Petra	02-Feb	9	96	9	0	0	105	12.56637061
S.chm LA2695 	4	adaxial	2	Petra	02-Feb	24	102	24	0	0	126	12.56637061
S.chm LA2695 	4	abaxial	1	Petra	02-Feb	4	173	4	0	0	177	12.56637061
S.chm LA2695 	4	abaxial	2	Petra	02-Feb	6	158	6	0	0	164	12.56637061
S.lyc LA4024 	1	adaxial	1	Aleksandra	27-Mar	23	15	13	0	10	38	12.56637061
S.lyc LA4024 	1	adaxial	2	Aleksandra	27-Mar	14	11	12	0	0	25	12.56637061
S.lyc LA4024 	1	abaxial	1	Aleksandra	27-Mar	25	70	150	0	0	95	12.56637061
S.lyc LA4024 	1	abaxial	2	Aleksandra	27-Mar	23	69	142	0	0	92	12.56637061
S.lyc LA4024 	2	adaxial	1	Aleksandra	27-Mar	29	43	16	0	13	72	12.56637061
S.lyc LA4024 	2	adaxial	2	Aleksandra	27-Mar	44	14	34	0	0	58	12.56637061
S.lyc LA4024 	2	abaxial	1	Aleksandra	27-Mar	46	365	46	0	0	411	12.56637061
S.lyc LA4024 	2	abaxial	2	Aleksandra	27-Mar	24	218	24	0	0	242	12.56637061
S.lyc LA4024 	3	adaxial	1	Sanne	27-Mar	12	63	12	0	0	75	12.56637061
S.lyc LA4024 	3	adaxial	2	Sanne	27-Mar	14	42	14	0	0	56	12.56637061
S.lyc LA4024 	3	abaxial	1	Sanne	27-Mar	12	137	12	0	0	149	12.56637061
S.lyc LA4024 	3	abaxial	2	Sanne	27-Mar	11	148	11	0	0	159	12.56637061
S.hab LA0407 	3	adaxial	1	Aleksandra	30-Jan	24	8	24	0	0	32	12.56637061
S.hab LA0407 	3	adaxial	2	Aleksandra	30-Jan	17	10	17	0	0	27	12.56637061
S.hab LA0407 	3	abaxial	1	Aleksandra	30-Jan	42	62	34	6	0	104	12.56637061
S.hab LA0407 	3	abaxial	2	Aleksandra	30-Jan	28	68	23	3	0	96	12.56637061
S.hab LA0407 	1	adaxial	1	Ruy	31-Jan	20	7	20	0	0	27	12.56637061
S.hab LA0407 	1	adaxial	2	Ruy	31-Jan	19	5	19	0	0	24	12.56637061
S.hab LA0407 	1	abaxial	1	Ruy	31-Jan	23	153	23	0	0	176	12.56637061
S.hab LA0407 	1	abaxial	2	Ruy	31-Jan	5	122	5	0	0	127	12.56637061
S.hab LA0407 	2	adaxial	1	Ruy	01-Feb	18	13	11	4	3	31	12.56637061
S.hab LA0407 	2	adaxial	2	Ruy	01-Feb	20	9	9	7	4	29	12.56637061
S.hab LA0407 	2	abaxial	1	Ruy	01-Feb	16	104	4	10	2	120	12.56637061
S.hab LA0407 	2	abaxial	2	Ruy	01-Feb	21	75	7	14	0	96	12.56637061
S.hab LA0407 	4	adaxial	1	Michelle	01-Feb	56	9	45	11	0	65	12.56637061
S.hab LA0407 	4	adaxial	2	Michelle	01-Feb	34	41	28	6	0	75	12.56637061
S.hab LA0407 	4	abaxial	1	Michelle	01-Feb	80	129	67	13	0	209	12.56637061
S.hab LA0407 	4	abaxial	2	Michelle	01-Feb	102	90	71	31	0	192	12.56637061
S.hab LA0407 	5	adaxial	1	Sanne	02-Feb	12	24	12	0	0	36	12.56637061
S.hab LA0407 	5	adaxial	2	Sanne	02-Feb	41	24	41	0	0	65	12.56637061
S.hab LA0407 	5	abaxial	1	Sanne	02-Feb	24	106	19	5	0	130	12.56637061
S.hab LA0407 	5	abaxial	2	Sanne	02-Feb	28	130	22	6	0	158	12.56637061
S.pen LA0716 	5	adaxial	1	Marc	30-Jan	96	0	1	95	0	96	12.56637061
S.pen LA0716 	5	adaxial	2	Marc	30-Jan	138	0	1	137	0	138	12.56637061
S.pen LA0716 	5	abaxial	1	Marc	30-Jan	73	0	0	73	0	73	12.56637061
S.pen LA0716 	5	abaxial	2	Marc	30-Jan	181	0	0	181	0	181	12.56637061
S.pen LA0716 	3	adaxial	1	Marc	31-Jan	94	0	0	94	0	94	12.56637061
S.pen LA0716 	3	adaxial	2	Marc	31-Jan	109	0	0	109	0	109	12.56637061
S.pen LA0716 	3	abaxial	1	Marc	31-Jan	53	0	0	53	0	53	12.56637061
S.pen LA0716 	3	abaxial	2	Marc	31-Jan	210	0	3	207	0	210	12.56637061
S.pen LA0716 	1	adaxial	1	Marc	01-Feb	46	0	0	46	0	46	12.56637061
S.pen LA0716 	1	adaxial	2	Marc	01-Feb	108	0	0	108	0	108	12.56637061
S.pen LA0716 	1	abaxial	1	Marc	01-Feb	109	0	0	109	0	109	12.56637061
S.pen LA0716 	1	abaxial	2	Marc	01-Feb	156	0	0	156	0	156	12.56637061
S.pen LA0716 	2	adaxial	1	Aleksandra	01-Feb	123	0	2	121	0	123	12.56637061
S.pen LA0716 	2	adaxial	2	Aleksandra	01-Feb	131	0	1	130	0	131	12.56637061
S.pen LA0716 	2	abaxial	1	Aleksandra	01-Feb	141	0	1	140	0	141	12.56637061
S.pen LA0716 	2	abaxial	2	Aleksandra	01-Feb	150	0	2	148	0	150	12.56637061
S.pen LA0716 	4	adaxial	1	Michelle	01-Feb	73	0	0	73	0	73	12.56637061
S.pen LA0716 	4	adaxial	2	Michelle	01-Feb	43	0	0	43	0	43	12.56637061
S.pen LA0716 	4	abaxial	1	Michelle	01-Feb	200	0	0	200	0	200	12.56637061
S.pen LA0716 	4	abaxial	2	Michelle	01-Feb	130	0	0	130	0	130	12.56637061
S.neo LA0735 	3	adaxial	1	Michelle	30-Jan	1	77	1	0	0	78	12.56637061
S.neo LA0735 	3	adaxial	2	Michelle	30-Jan	4	35	4	0	0	39	12.56637061
S.neo LA0735 	3	abaxial	1	Michelle	30-Jan	4	195	4	0	0	199	12.56637061
S.neo LA0735 	3	abaxial	2	Michelle	30-Jan	1	74	1	0	0	75	12.56637061
S.neo LA0735 	4	adaxial	1	Aleksandra	30-Jan	34	21	34	0	0	55	12.56637061
S.neo LA0735 	4	adaxial	2	Aleksandra	30-Jan	14	5	14	0	0	19	12.56637061
S.neo LA0735 	4	abaxial	1	Aleksandra	30-Jan	12	63	12	0	0	75	12.56637061
S.neo LA0735 	4	abaxial	2	Aleksandra	30-Jan	6	58	6	0	0	64	12.56637061
S.neo LA0735 	5	adaxial	1	Aleksandra	31-Jan	17	47	17	0	0	64	12.56637061
S.neo LA0735 	5	adaxial	2	Aleksandra	31-Jan	18	30	18	0	0	48	12.56637061
S.neo LA0735 	5	abaxial	1	Aleksandra	31-Jan	10	130	10	0	0	140	12.56637061
S.neo LA0735 	5	abaxial	2	Aleksandra	31-Jan	7	119	7	0	0	126	12.56637061
S.neo LA0735 	1	adaxial	1	Aleksandra	01-Feb	11	46	3	0	8	57	12.56637061
S.neo LA0735 	1	adaxial	2	Aleksandra	01-Feb	16	52	3	0	13	68	12.56637061
S.neo LA0735 	1	abaxial	1	Aleksandra	01-Feb	7	122	7	0	0	129	12.56637061
S.neo LA0735 	1	abaxial	2	Aleksandra	01-Feb	18	144	18	0	0	162	12.56637061
S.neo LA0735 	2	adaxial	1	Ruy	01-Feb	19	29	19	0	0	48	12.56637061
S.neo LA0735 	2	adaxial	2	Ruy	01-Feb	16	20	2	0	14	36	12.56637061
S.neo LA0735 	2	abaxial	1	Ruy	01-Feb	11	26	8	0	3	37	12.56637061
S.neo LA0735 	2	abaxial	2	Ruy	01-Feb	11	40	6	0	4	51	12.56637061
S.hab PI127826 	3	adaxial	1	Marc	01-Feb	128	3	47	78	0	131	12.56637061
S.hab PI127826 	3	adaxial	2	Marc	01-Feb	92	2	41	51	0	94	12.56637061
S.hab PI127826 	3	abaxial	1	Marc	01-Feb	317	0	51	265	0	317	12.56637061
S.hab PI127826 	3	abaxial	2	Marc	01-Feb	212	1	59	153	0	213	12.56637061
S.hab PI127826 	5	adaxial	1	Ruy	01-Feb	153	10	63	76	14	163	12.56637061
S.hab PI127826 	5	adaxial	2	Ruy	01-Feb	192	24	67	110	15	216	12.56637061
S.hab PI127826 	5	abaxial	1	Ruy	01-Feb	166	2	36	126	4	168	12.56637061
S.hab PI127826 	5	abaxial	2	Ruy	01-Feb	213	4	60	144	9	217	12.56637061
S.hab PI127826 	1	adaxial	1	Ruy	02-Feb	124	28	54	68	2	152	12.56637061
S.hab PI127826 	1	adaxial	2	Ruy	02-Feb	166	30	98	60	8	196	12.56637061
S.hab PI127826 	1	abaxial	1	Ruy	02-Feb	194	13	46	148	0	207	12.56637061
S.hab PI127826 	1	abaxial	2	Ruy	02-Feb	179	11	75	104	0	190	12.56637061
S.hab PI127826 	2	adaxial	1	Sanne	02-Feb	15	8	10	5	0	23	12.56637061
S.hab PI127826 	2	adaxial	2	Sanne	02-Feb	22	11	17	5	0	33	12.56637061
S.hab PI127826 	2	abaxial	1	Sanne	02-Feb	45	11	3	42	0	56	12.56637061
S.hab PI127826 	2	abaxial	2	Sanne	02-Feb	32	9	5	27	0	41	12.56637061
S.hab PI127826 	4	adaxial	1	Michelle	02-Feb	117	280	97	20	0	397	12.56637061
S.hab PI127826 	4	adaxial	2	Michelle	02-Feb	52	192	42	10	0	244	12.56637061
S.hab PI127826 	4	abaxial	1	Michelle	02-Feb	111	250	77	34	0	361	12.56637061
S.hab PI127826 	4	abaxial	2	Michelle	02-Feb	39	250	24	15	0	289	12.56637061
S.hab PI134418 	1	adaxial	1	Sanne	30-Jan	30	11	27	3	0	41	12.56637061
S.hab PI134418 	1	adaxial	2	Sanne	30-Jan	12	13	8	3	0	25	12.56637061
S.hab PI134418 	1	abaxial	1	Sanne	30-Jan	33	38	26	7	0	71	12.56637061
S.hab PI134418 	1	abaxial	2	Sanne	30-Jan	20	19	11	9	0	39	12.56637061
S.hab PI134418 	2	adaxial	1	Aleksandra	31-Jan	44	20	44	0	0	64	12.56637061
S.hab PI134418 	2	adaxial	2	Aleksandra	31-Jan	45	37	45	0	0	82	12.56637061
S.hab PI134418 	2	abaxial	1	Aleksandra	31-Jan	170	76	40	130	0	246	12.56637061
S.hab PI134418 	2	abaxial	2	Aleksandra	31-Jan	149	107	36	113	0	256	12.56637061
S.hab PI134418 	3	adaxial	1	Ruy	01-Feb	17	12	16	0	1	29	12.56637061
S.hab PI134418 	3	adaxial	2	Ruy	01-Feb	26	7	20	0	6	33	12.56637061
S.hab PI134418 	3	abaxial	1	Ruy	01-Feb	34	9	1	33	0	43	12.56637061
S.hab PI134418 	3	abaxial	2	Ruy	01-Feb	25	13	5	20	0	38	12.56637061
S.hab PI134418 	4	adaxial	1	Marc	02-Feb	5	3	47	36	0	8	12.56637061
S.hab PI134418 	4	adaxial	2	Marc	02-Feb	4	7	34	21	0	11	12.56637061
S.hab PI134418 	4	abaxial	1	Marc	02-Feb	2	2	44	141	0	4	12.56637061
S.hab PI134418 	4	abaxial	2	Marc	02-Feb	0	1	48	123	0	1	12.56637061
S.hab PI134418 	5	adaxial	1	Aleksandra	02-Feb	78	8	77	0	1	86	12.56637061
S.hab PI134418 	5	adaxial	2	Aleksandra	02-Feb	82	9	78	3	1	91	12.56637061
S.hab PI134418 	5	abaxial	1	Aleksandra	02-Feb	133	77	35	98	0	210	12.56637061
S.hab PI134418 	5	abaxial	2	Aleksandra	02-Feb	153	108	58	95	0	261	12.56637061
S.hab LYC4 	1	adaxial	1	Sanne	30-Jan	53	23	38	15	0	76	12.56637061
S.hab LYC4 	1	adaxial	2	Sanne	30-Jan	43	20	33	10	0	63	12.56637061
S.hab LYC4 	1	abaxial	1	Sanne	30-Jan	120	20	25	95	0	140	12.56637061
S.hab LYC4 	1	abaxial	2	Sanne	30-Jan	135	19	32	103	0	154	12.56637061
S.hab LYC4 	4	adaxial	1	Aleksandra	30-Jan	62	4	55	6	0	66	12.56637061
S.hab LYC4 	4	adaxial	2	Aleksandra	30-Jan	41	7	40	1	0	48	12.56637061
S.hab LYC4 	4	abaxial	1	Aleksandra	30-Jan	284	0	64	220	0	284	12.56637061
S.hab LYC4 	4	abaxial	2	Aleksandra	30-Jan	312	0	37	273	0	312	12.56637061
S.hab LYC4 	5	adaxial	1	Marc	31-Jan	82	14	82	0	0	96	12.56637061
S.hab LYC4 	5	adaxial	2	Marc	31-Jan	98	13	70	28	0	111	12.56637061
S.hab LYC4 	5	abaxial	1	Marc	31-Jan	426	0	34	426	0	426	12.56637061
S.hab LYC4 	5	abaxial	2	Marc	31-Jan	250	6	71	179	0	256	12.56637061
S.hab LYC4 	3	adaxial	1	Sanne	01-Feb	94	25	73	21	0	119	12.56637061
S.hab LYC4 	3	adaxial	2	Sanne	01-Feb	89	14	77	12	0	103	12.56637061
S.hab LYC4 	3	abaxial	1	Sanne	01-Feb	278	47	104	174	0	325	12.56637061
S.hab LYC4 	3	abaxial	2	Sanne	01-Feb	242	45	80	162	0	287	12.56637061
S.hab LYC4 	2	adaxial	1	Michelle	02-Feb	88	66	76	12	0	154	12.56637061
S.hab LYC4 	2	adaxial	2	Michelle	02-Feb	49	22	28	21	0	71	12.56637061
S.hab LYC4 	2	abaxial	1	Michelle	02-Feb	39	400	19	20	0	439	12.56637061
S.hab LYC4 	2	abaxial	2	Michelle	02-Feb	59	350	20	39	0	409	12.56637061
S.lyc MM	2	adaxial	1	Marc	30-Jan	42	135	38	0	0	177	12.56637061
S.lyc MM	2	adaxial	2	Marc	30-Jan	47	96	46	0	0	143	12.56637061
S.lyc MM	2	abaxial	1	Marc	30-Jan	5	78	5	0	0	83	12.56637061
S.lyc MM	3	adaxial	1	Ruy	31-Jan	37	73	37	0	0	110	12.56637061
S.lyc MM	3	adaxial	2	Ruy	31-Jan	40	90	40	0	0	130	12.56637061
S.lyc MM	3	abaxial	1	Ruy	31-Jan	12	204	12	0	0	216	12.56637061
S.lyc MM	3	abaxial	2	Ruy	31-Jan	27	408	27	0	0	435	12.56637061
S.lyc MM	1	adaxial	1	Aleksandra	01-Feb	24	186	24	0	0	210	12.56637061
S.lyc MM	1	adaxial	2	Aleksandra	01-Feb	41	214	41	0	0	255	12.56637061
S.lyc MM	1	abaxial	1	Aleksandra	01-Feb	32	285	32	0	0	317	12.56637061
S.lyc MM	1	abaxial	2	Aleksandra	01-Feb	30	426	30	0	0	456	12.56637061
S.lyc MM	4	adaxial	1	Ruy	02-Feb	12	96	11	0	1	108	12.56637061
S.lyc MM	4	adaxial	2	Ruy	02-Feb	63	158	57	0	5	221	12.56637061
S.lyc MM	4	abaxial	1	Ruy	02-Feb	6	380	6	0	0	386	12.56637061
S.lyc MM	4	abaxial	2	Ruy	02-Feb	3	257	3	0	0	260	12.56637061
S.lyc MM	5	adaxial	1	Sanne	02-Feb	40	244	48	0	0	284	12.56637061
S.lyc MM	5	adaxial	2	Sanne	02-Feb	32	201	32	0	0	233	12.56637061
S.lyc MM	5	abaxial	1	Sanne	02-Feb	62	522	62	0	0	584	12.56637061
S.lyc MM	5	abaxial	2	Sanne	02-Feb	44	498	44	0	0	542	12.56637061
S.hab PI127826 	1	adaxial	1	Ruy	30-Jan	160	2	71	89	0	162	12.56637061
S.hab PI127826 	1	adaxial	2	Ruy	30-Jan	130	4	33	97	0	134	12.56637061
S.hab PI127826 	1	abaxial	1	Ruy	30-Jan	114	1	15	99	0	115	12.56637061
S.hab PI127826 	1	abaxial	2	Ruy	30-Jan	114	2	24	90	0	116	12.56637061
S.hab PI127826 	2	adaxial	1	Sanne	01-Feb	199	0	129	70	0	199	12.56637061
S.hab PI127826 	2	adaxial	2	Sanne	01-Feb	172	0	69	103	0	172	12.56637061
S.hab PI127826 	2	abaxial	1	Sanne	01-Feb	216	0	75	141	0	216	12.56637061
S.hab PI127826 	2	abaxial	2	Sanne	01-Feb	154	0	34	120	0	154	12.56637061
S.hab PI127826 	3	adaxial	1	Michelle	01-Feb	85	76	70	15	0	161	12.56637061
S.hab PI127826 	3	adaxial	2	Michelle	01-Feb	95	100	80	15	0	195	12.56637061
S.hab PI127826 	3	abaxial	1	Michelle	01-Feb	167	70	77	90	0	237	12.56637061
S.hab PI127826 	3	abaxial	2	Michelle	01-Feb	138	70	43	95	0	208	12.56637061
S.hab PI127826 	4	adaxial	1	Marc	02-Feb	110	18	17	82	0	128	12.56637061
S.hab PI127826 	4	adaxial	2	Marc	02-Feb	73	3	23	49	0	76	12.56637061
S.hab PI127826 	4	abaxial	1	Marc	02-Feb	13	0	43	228	0	13	12.56637061
S.hab PI127826 	4	abaxial	2	Marc	02-Feb	134	0	27	98	0	134	12.56637061
S.hab PI127826 	5	adaxial	1	Sanne	02-Feb	154	42	91	63	0	196	12.56637061
S.hab PI127826 	5	adaxial	2	Sanne	02-Feb	143	34	90	53	0	177	12.56637061
S.hab PI127826 	5	abaxial	1	Sanne	02-Feb	137	30	87	50	0	167	12.56637061
S.hab PI127826 	5	abaxial	2	Sanne	02-Feb	68	23	29	39	0	91	12.56637061
S.per LA1278 	1	adaxial	1	Sanne	18-Apr	6	168	6	0	0	174	12.56637061
S.per LA1278 	1	abaxial	2	Sanne	18-Apr	8	122	8	0	0	130	12.56637061
S.per LA1278 	1	adaxial	1	Sanne	18-Apr	1	234	1	0	0	235	12.56637061
S.per LA1278 	1	abaxial	2	Sanne	18-Apr	0	197	0	0	0	197	12.56637061
S.per LA1278 	2	adaxial	1	Sanne	18-Apr	12	162	12	0	0	174	12.56637061
S.per LA1278 	2	abaxial	2	Sanne	18-Apr	10	120	10	0	0	130	12.56637061
S.per LA1278 	2	adaxial	1	Sanne	18-Apr	6	250	6	0	0	256	12.56637061
S.per LA1278 	2	abaxial	2	Sanne	18-Apr	3	216	3	0	0	219	12.56637061
S.per LA1278 	3	adaxial	1	Sanne	18-Apr	13	195	13	0	0	208	12.56637061
S.per LA1278 	3	abaxial	2	Sanne	18-Apr	6	94	6	0	0	100	12.56637061
S.per LA1278 	3	adaxial	1	Sanne	18-Apr	9	154	9	0	0	163	12.56637061
S.per LA1278 	3	abaxial	2	Sanne	18-Apr	4	111	4	0	0	115	12.56637061
S.per LA1278 	4	adaxial	1	Sanne	18-Apr	13	298	13	0	0	311	12.56637061
S.per LA1278 	4	abaxial	2	Sanne	18-Apr	5	315	5	0	0	320	12.56637061
S.per LA1278 	4	adaxial	1	Sanne	18-Apr	3	384	3	0	0	387	12.56637061
S.per LA1278 	4	abaxial	2	Sanne	18-Apr	0	357	0	0	0	357	12.56637061